,1989,1990,1991,1992,1993,1994,1995,1996,1997,1998,1999,2000,2001,2002,2003,2004,2005,2006,2007,2008,2009,2010,2011,2012,2013,2014,2015,2016,2017,2018,2019
Москва,"8 878,0","8 880,0","9 017,0","9 067,8","9 066,0","9 066,6","9 085,5","9 246,7","9 411,2","9 604,3","9 783,2","9 932,9","10 114,2","10 126,0","10 386,9","10 535,7","10 726,4","10 923,8","11 091,4","11 186,9","11 281,6","11 504,0","11 541,0","11 613,0","11 980,0","12 108,0","12 198,0","12 330,0","12 381,0","12 506,0","12 615,0"
Санкт-Петербург,"4 989,0","5 002,4","5 007,5","4 986,4","4 942,9","4 881,6","4 845,4","4 820,2","4 806,6","4 784,0","4 770,9","4 741,9","4 714,8","4 661,0","4 656,5","4 624,1","4 600,0","4 580,6","4 571,2","4 568,0","4 581,9","4 880,0","4 899,0","4 953,0","5 028,0","5 132,0","5 192,0","5 226,0","5 282,0","5 352,0","5 384,0"
Новосибирск,"1 420,0","1 427,0","1 446,0","1 442,0","1 431,0","1 418,0","1 399,0","1 397,0","1 367,0","1 399,0","1 402,4","1 398,8","1 393,2","1 426,0","1 425,5","1 413,0","1 405,6","1 397,0","1 391,9","1 390,5","1 397,2","1 474,0","1 475,0","1 499,0","1 524,0","1 548,0","1 567,0","1 584,0","1 603,0","1 613,0","1 618,0"
Екатеринбург,"1 296,0","1 304,0","1 375,0","1 371,0","1 358,0","1 347,0","1 278,0","1 276,0","1 275,0","1 272,0","1 272,9","1 266,3","1 256,9","1 294,0","1 293,5","1 334,4","1 304,3","1 308,4","1 315,1","1 323,0","1 332,3","1 350,0","1 353,0","1 378,0","1 396,0","1 412,0","1 428,0","1 444,0","1 456,0","1 469,0","1 483,0"
Казань,"1 085,0",,"1 105,0","1 104,0","1 098,0","1 092,0","1 076,0","1 076,0","1 085,0","1 078,0","1 100,8","1 101,0","1 090,2","1 105,0","1 105,3","1 106,9","1 110,0","1 112,7","1 116,0","1 120,2","1 130,7","1 144,0","1 145,0","1 161,0","1 176,0","1 191,0","1 206,0","1 217,0","1 232,0","1 244,0","1 252,0"
Нижний Новгород,"1 400,0","1 404,0","1 445,0","1 441,0","1 433,0","1 425,0","1 379,0","1 372,0","1 371,0","1 364,0","1 364,9","1 357,0","1 343,3","1 311,0","1 309,0","1 296,8","1 289,5","1 283,6","1 278,3","1 274,7","1 272,5","1 251,0","1 252,0","1 255,0","1 260,0","1 264,0","1 268,0","1 267,0","1 262,0","1 259,0","1 254,0"
Челябинск,"1 107,0","1 113,0","1 148,0","1 143,0","1 135,0","1 125,0","1 086,0","1 083,0","1 084,0",,"1 086,3","1 083,2","1 081,1","1 077,0","1 076,0","1 071,0","1 095,1","1 093,0","1 091,5","1 092,5","1 093,7","1 130,0","1 131,0","1 143,0","1 156,0","1 169,0","1 183,0","1 192,0","1 199,0","1 202,0","1 201,0"
Омск,"1 149,0","1 159,0","1 167,0","1 169,0","1 167,0","1 161,0","1 163,0","1 160,0","1 158,0","1 159,0","1 157,6","1 148,9","1 138,4","1 134,0","1 131,0","1 132,0","1 142,8","1 138,8","1 134,7","1 131,1","1 129,1","1 154,0","1 154,0","1 157,0","1 161,0","1 166,0","1 174,0","1 178,0","1 178,0","1 172,0","1 165,0"
Самара,"1 222,0","1 226,0","1 244,0","1 239,0","1 232,0","1 223,0","1 201,0","1 192,0","1 170,0","1 178,0","1 168,0","1 156,1","1 146,4","1 158,0","1 157,9","1 144,2","1 133,4","1 143,3","1 139,0","1 135,4","1 134,7","1 165,0","1 167,0","1 169,0","1 172,0","1 172,0","1 172,0","1 171,0","1 170,0","1 163,0","1 157,0"
Ростов-на-Дону,"1 008,0","1 013,0","1 028,0","1 027,0","1 025,0","1 023,0","1 014,0","1 013,0","1 023,0","1 009,0","1 017,3","1 012,7","997,8","1 068,0","1 068,3","1 062,0","1 058,0","1 054,8","1 051,6","1 048,7","1 049,0","1 089,0","1 091,0","1 097,0","1 104,0","1 110,0","1 115,0","1 120,0","1 125,0","1 130,0","1 133,0"
Уфа,"1 080,0","1 088,0","1 097,0",,"1 096,0","1 092,0",,"1 094,0","1 082,0","1 084,0","1 088,9","1 091,2","1 088,8","1 042,0","1 043,3","1 040,6","1 036,0","1 029,6","1 022,6","1 021,5","1 024,8","1 062,0","1 066,0","1 072,0","1 078,0","1 097,0","1 106,0","1 111,0","1 116,0","1 121,0","1 124,0"
Красноярск,"869,0","877,0","924,0","925,0","919,0","914,0","869,0","871,0","874,0","875,0","877,8","875,5","875,7","909,0","909,3","912,8","917,2","920,9","927,2","936,4","947,8","974,0","979,0","997,0","1 016,0","1 036,0","1 052,0","1 067,0","1 083,0","1 091,0","1 095,0"
Воронеж,"882,0",,"900,0","902,0","903,0","905,0","903,0","904,0","910,0","904,0","908,9","907,7","901,8","849,0","850,0","849,8","848,8","846,3","840,7","839,9","843,5","890,0","980,0","991,0","1 004,0","1 015,0","1 024,0","1 032,0","1 040,0","1 048,0","1 054,0"
Пермь,"1 041,0","1 044,0","1 100,0","1 099,0","1 093,0","1 086,0","1 033,0","1 029,0","1 025,0","1 023,0","1 017,1","1 009,7","1 004,8","1 002,0","1 000,7","994,6","989,5","993,3","990,2","987,2","985,8","991,0","992,0","1 001,0","1 014,0","1 026,0","1 036,0","1 042,0","1 048,0","1 052,0","1 054,0"
Волгоград,"999,0","998,0","1 005,0","1 004,0","1 002,0","1 000,0","999,0",,"1 005,0","999,0","1 000,0","993,4","982,9","1 011,0","1 011,4","1 004,2","999,1","991,7","986,3","983,9","981,9","1 021,0","1 021,0","1 019,0","1 019,0","1 018,0","1 017,0","1 016,0","1 016,0","1 014,0","1 013,0"
Краснодар,"619,0","626,0","631,0","635,0","636,0","638,0","645,0","647,0","650,0","647,4","643,4","639,0","634,7","646,2","646,2","719,4","715,4","710,4","709,0","709,8","710,7","745,0","747,0","764,0","784,0","806,0","830,0","854,0","881,0","900,0","918,0"
Саратов,"902,0","907,0","911,0","909,0","904,0","899,0","898,0","894,0","892,0","884,0","881,0","874,0","864,4","873,0","873,1","864,6","858,0","850,1","841,4","836,1","831,0","838,0","838,0","837,0","840,0","841,0","842,0","843,0","845,0","845,0","842,0"
Тюмень,"476,0","486,0","494,0","496,0","493,0","491,0","492,0","495,0","499,0","500,0","503,8","503,4","500,2","510,7","510,7","510,3","538,3","542,5","549,9","560,0","570,3","582,0","585,0","610,0","634,0","680,0","697,0","721,0","745,0","768,0","789,0"
Тольятти,"629,0","640,0","655,0","666,0","678,0","689,0","701,0","708,0","712,0","715,0","720,3","722,9","724,3","702,9","702,9","703,9","704,8","704,9","705,3","705,5","720,3","720,0","720,0","720,0","719,0","718,0","720,0","713,0","711,0","707,0","703,0"
Ижевск,"635,0","642,0","647,0","651,0","653,0","653,0","654,0","654,0","654,0","654,0","655,3","652,8","650,3","632,1","632,1","628,0","623,4","619,5","615,7","613,3","611,0","627,7","627,9","629,5","632,9","637,3","642,0","643,0","646,0","648,0","649,0"
Барнаул,"599,0","600,0","607,0","606,0","601,0","596,0","593,0","590,0","591,0","586,0","586,2","580,1","573,3","600,7",,"635,8","631,2","604,2","600,1","597,2","596,8","612,0","613,0","622,0","630,0","633,0","636,0","636,0","633,0","632,0","633,0"
Ульяновск,"624,0","637,0","648,0","656,0","661,0","670,0","676,0","679,0","679,0","674,0","671,7","667,4","662,1","636,0","635,9","628,2","623,1","617,2","611,7","606,9","603,8","615,0","614,0","614,0","615,0","617,0","619,0","622,0","625,0","627,0","628,0"
Иркутск,"573,0","582,0","641,0","639,0","635,0","632,0","581,0","583,0","591,0","591,0","596,4","593,7","587,2","594,0","593,6","588,5","582,5","578,1","575,9","575,8","579,3","588,0","590,0","598,0","606,0","613,0","620,0","623,0","624,0","624,0","623,0"
Хабаровск,"598,0","616,0","613,0","615,0","612,0","609,0","615,0","614,0","615,0","612,0","614,0","609,4","603,5","583,0","583,1","580,4","579,0","578,1","577,4","577,3","579,2","577,0","578,0","586,0","594,0","601,0","607,0","611,0","616,0","618,0","617,0"
Ярославль,"629,0","632,0","638,0","637,0","635,0","631,0","625,0","623,0","625,0","619,0","620,6","616,7","608,8","613,0","613,1","608,3","605,2","603,7","604,0","605,2","606,3","592,0","591,0","595,0","599,0","602,0","604,0","607,0","608,0","609,0","610,0"
Владивосток,"631,0","640,0","648,0","648,0","643,0","637,0","629,0","624,0","623,0","616,0","613,1","606,2","598,6","595,0","594,7","590,3","586,8","583,7","580,8","578,8","578,6","592,0","591,0","597,0","600,0","603,0","605,0","607,0","607,0","605,0","605,0"
Махачкала,"302,0","310,0","324,0","329,0","328,0","327,0","326,0","331,0","338,0","335,0","334,9","332,8","327,6","462,4","462,4","464,2","465,0","466,3","466,9","464,2","465,9","572,0","573,0","574,0","576,0","578,0","583,0","588,0","593,0","596,0","601,0"
Томск,"473,0","476,0","506,0","505,0","500,0","496,0","469,0","473,0","475,0","478,0","481,4","482,1","483,1","488,0","488,5","488,3","487,4","489,9","493,0","496,5","501,8","525,0","526,0","539,0","548,0","557,0","565,0","569,0","573,0","574,0","575,0"
Оренбург,"517,0","522,0","557,0","557,0","555,0","558,0","530,0","530,0","531,0","527,0","526,8","523,6","516,6","549,0","548,1","542,7","538,6","533,9","529,6","526,4","524,4","548,0","549,0","555,0","556,0","560,0","561,0","563,0","564,0","565,0","565,0"
Кемерово,"461,0","510,0","521,0","521,0","517,0","513,0","500,0","499,0","500,0","496,0","496,3","492,7","487,2","485,0","484,8","480,2","522,6","520,1","519,8","520,0","520,6","533,0","533,0","536,0","540,0","544,0","549,0","553,0","557,0","559,0","559,0"
Новокузнецк,"583,0","584,0","602,0","600,0","598,0","593,0","574,0","571,0","566,0","566,0","562,8","561,6","564,5","550,0","565,9","548,2","563,3","562,4","560,9","562,2","563,3","548,0","548,0","550,0","549,0","550,0","550,0","551,0","552,0","554,0","552,0"
Рязань,"512,0","520,0","527,0","529,0","528,0","526,0","533,0","533,0","535,0","531,0","531,3","529,9","523,4","522,0","521,6","516,6","515,9","513,3","512,2","510,8","510,0","525,0","524,0","526,0","528,0","530,0","533,0","535,0","538,0","539,0","540,0"
Астрахань,"478,0","478,0","512,0","512,0","511,0","512,0","482,0","484,0","490,0","486,0","488,0","486,1","479,7","505,0","504,7","502,8","501,3","499,0","500,2","503,1","504,1","520,0","520,0","525,0","527,0","531,0","533,0","532,0","533,0","534,0","534,0"
Набережные Челны,"500,0","511,0","510,0","514,0","520,0","524,0","531,0","530,0","522,0","525,0","518,3","514,7","518,3","510,0","509,9","508,9","507,9","507,2","506,4","506,1","507,9","513,0","514,0","517,0","519,0","522,0","524,0","527,0","530,0","532,0","534,0"
Пенза,"522,0","525,0","551,0","552,0","552,0","551,0","529,0","530,0","534,0","529,0","533,3","532,2","524,9","518,0","518,0","515,0","512,9","510,0","509,2","507,8","507,0","517,0","518,0","520,0","520,0","521,0","523,0","525,0","524,0","524,0","522,0"
Киров,"440,0","458,0","491,0","493,0","491,0","491,0","464,0","464,0","465,0","465,0","466,1","466,2","466,3","458,0","457,6","451,9","448,5","468,5","466,3","464,6","464,1","474,0","474,0","478,0","483,0","487,0","493,0","497,0","501,0","507,0","513,0"
Липецк,"450,0","486,0","460,0","464,0","466,0","470,0","508,0","510,0","477,0","514,0","521,6","521,0","519,2","506,0","506,1","504,4","503,1","502,8","502,6","502,4","502,5","509,0","509,0","508,0","509,0","510,0","510,0","510,0","510,0","510,0","509,0"
Балашиха,"135,0","136,0","138,0","138,0","137,0","136,0","135,0","134,0","135,0","133,0","134,2","132,9","131,6","148,0","147,9","174,7","181,5","182,8","184,9","188,7","192,8","216,0","217,0","222,0","235,0","247,0","261,0","428,0","451,0","468,0","490,0"
Чебоксары,"420,0","429,0","436,0","441,9","444,0","446,0","450,0","452,0","453,7","456,0","458,0","459,2","461,2","441,0","440,6","442,0","442,6","442,4","441,3","441,6","444,4","454,0","455,0","460,0","465,0","469,0","474,0","481,0","489,0","492,0","495,0"
Калининград,"401,0","405,0","408,0","411,0","413,0","415,0","419,0","421,0","424,0","426,0","427,2","424,4","421,0","430,0","430,0","427,8","425,6","423,7","422,3","421,7","420,5","432,0","432,0","434,0","441,0","449,0","453,0","460,0","467,0","475,0","482,0"
Тула,"540,0","540,0","544,0","541,0","539,0","535,0","529,0","525,0","525,0","516,0","513,1","506,1","495,5","481,0","481,2","472,3","465,9","509,0","504,0","500,0","496,0","501,0","500,0","500,0","494,0","491,0","488,0","486,0","485,0","483,0","479,0"
Курск,"424,0","426,0","433,0","435,0","437,0","439,0","438,0","438,0","444,0","441,0","445,4","443,5","437,4","412,0","412,4","408,4","406,4","405,5","405,9","408,1","410,8","415,0","417,0","423,0","429,0","431,0","435,0","443,0","449,0","449,0","450,0"
Сочи,"337,0","314,0","342,0","344,0","352,0","353,0","330,0","331,0","359,0","335,0","359,3","358,6","332,9","329,0","328,8","328,0","328,5","329,5","331,1","334,3","337,9","343,0","344,0","360,0","368,0","395,0","390,0","401,0","412,0","424,0","444,0"
Ставрополь,"318,0","322,8","328,3","332,0","333,0","337,0","347,2","343,0","345,0","343,0","345,1","355,3","339,5","355,0","354,9","355,3","355,9","358,4","359,7","363,7","366,1","399,0","399,0","405,0","412,0","420,0","426,0","430,0","434,0","434,0","437,0"
Улан-Удэ,"353,0","358,0","361,7","366,0","365,0","365,0","363,3","364,6","370,0","366,1","371,4","370,4","368,9","359,0","359,3","356,5","352,6","347,8","343,0","340,8","340,2","404,0","406,0","412,0","416,0","421,0","427,0","431,0","432,0","435,0","435,0"
Тверь,"451,0","449,0","455,0","456,0","455,0","454,0","450,0","452,0","458,0","452,0","457,1","454,9","447,1","409,0","408,9","403,4","406,7","405,6","405,5","407,3","409,0","404,0","404,0","407,0","409,0","411,0","414,0","416,0","419,0","420,0","421,0"
Магнитогорск,"440,0","429,0","444,0","441,0","440,0","439,0","426,0","424,0","424,0","425,0","428,1","427,9","427,1","419,0","418,5","415,9","416,7","413,2","410,5","409,0","409,4","408,0","408,0","410,0","412,0","415,0","417,0","418,0","418,0","417,0","413,0"
Брянск,"452,0","452,0","459,0","461,0","461,0","460,0","458,0","459,0","462,0","459,0","461,1","457,4","450,6","432,0","431,5","428,1","424,1","420,0","416,2","413,9","411,8","416,0","415,0","413,0","411,0","408,0","407,0","406,0","407,0","406,0","405,0"
Иваново,"481,0","480,0","482,0","480,0","478,0","476,0","472,0","469,0","469,0","464,0","463,4","459,2","452,1","432,0","431,7","424,4","418,2","413,1","409,0","406,5","404,5","408,0","408,0","409,0","409,0","409,0","409,0","408,0","407,0","406,0","405,0"
Белгород,"300,0","304,0","311,0","314,0","315,0","318,0","320,0","324,0","331,0","333,0","339,1","342,0","342,0","337,0","338,0","338,6","340,9","344,2","348,2","353,1","358,3","356,0","358,0","366,0","374,0","380,0","384,0","387,0","391,0","392,0","392,0"
Сургут,"248,0","258,0","261,0","260,0","259,0","259,0","265,0","269,0","270,0","277,0","276,1","274,9","278,9","285,0","286,0","289,9","291,8","290,6","289,8","294,2","298,4","307,0","309,0","317,0","326,0","332,0","341,0","349,0","361,0","366,0","374,0"
Владимир,"350,0","334,0","339,0","340,0","339,0","338,0","336,0","337,0","340,0","336,0","339,2","337,1","331,7","316,0","315,0","312,9","310,5","340,7","339,8","339,5","339,8","345,0","346,0","346,0","348,0","350,0","353,0","355,0","356,0","357,0","358,0"
Чита,"366,0","327,0","376,0","377,0","369,0","367,0","319,0","318,0","320,0","313,0","314,3","309,9","303,3","317,0","316,6","312,1","308,5","306,2","305,8","306,1","307,1","324,0","325,0","327,0","331,0","336,0","339,0","344,0","347,0","349,0","350,0"
Нижний Тагил,"440,0","424,0","439,0","437,0","434,0","429,0","409,0","407,0","404,0","399,0","395,8","390,9","386,9","390,0","390,5","386,5","383,1","379,7","377,5","375,8","374,5","362,0","361,0","359,0","358,0","357,0","357,0","356,0","356,0","354,0","352,0"
Архангельск,"416,0","391,0","420,0","414,0","411,0","407,0","377,0","375,0","371,0","369,0","366,2","361,8","358,5","356,0","356,0","353,3","351,6","349,8","348,6","348,7","348,3","349,0","349,0","350,0","351,0","350,0","351,0","351,0","351,0","350,0","348,0"
Калуга,"311,0","313,0","316,0","347,0","346,0","345,0","345,0","346,0","347,0","345,0","342,4","339,3","335,3","335,0","334,8","331,6","329,5","329,1","327,5","326,9","327,0","325,0","344,0","326,0","331,0","334,0","343,0","342,0","342,0","341,0","337,0"
Смоленск,"341,0","343,0","350,0","352,0","352,0","353,0","352,0","353,0","356,0","353,0","355,7","353,4","347,6","325,0","325,1","321,7","319,3","317,9","317,7","316,5","315,6","327,0","327,0","330,0","331,0","331,0","330,0","329,0","330,0","330,0","329,0"
Волжский,"269,0","272,0","278,0","281,0","283,0","286,0","286,0","288,0","291,0","288,0","289,5","286,9","281,7","313,0","313,2","310,5","309,4","308,5","307,3","306,4","305,6","314,0","314,0","314,0","327,0","327,0","327,0","326,0","326,0","325,0","324,0"
Якутск,"187,0","192,0","193,0","198,0","196,0","194,0","193,0","192,0","194,0","196,0","195,5","195,4","197,8","211,0","210,6","216,8","235,6","239,2","245,6","255,8","264,1","270,0","270,0","278,0","286,0","294,0","299,0","304,0","308,0","312,0","319,0"
Саранск,"312,0","316,0","320,0","322,0","321,0","320,0","320,0","320,0","319,0","318,0","316,6","314,8","313,2","305,0","304,9","301,5","299,2","297,1","295,4","295,3","296,1","297,0","298,0","298,0","298,0","299,0","303,0","308,0","315,0","318,0","319,0"
Череповец,"310,0","312,0","316,0","317,0","319,0","319,0","319,0","320,0","321,0","322,0","324,5","324,4","323,3","312,0","311,9","310,8","309,5","308,4","307,8","308,0","309,0","312,0","313,0","315,0","316,0","317,0","318,0","319,0","319,0","318,0","317,0"
Курган,"356,0","358,0","364,0","365,0","363,0","362,0","361,0","361,0","363,0","367,0","367,2","364,7","359,7","346,0","345,5","339,3","334,3","330,0","326,4","324,1","322,7","334,0","333,0","328,0","326,0","326,0","326,0","325,0","322,0","318,0","315,0"
Вологда,"282,0","283,0","289,0","290,0","289,0","296,0","296,0","297,0","302,0","300,0","304,3","302,5","298,2","293,0","293,0","290,5","288,4","287,0","286,3","286,2","286,2","302,0","302,0","304,0","306,0","308,0","311,0","313,0","313,0","312,0","312,0"
Орёл,"337,0","338,0","345,0","347,0","347,0","346,0","344,0","344,0","348,0","343,0","346,5","344,5","338,8","333,0","333,3","331,3","329,4","326,0","323,0","320,8","319,1","318,0","317,0","319,0","318,0","317,0","320,0","320,0","319,0","315,0","312,0"
Грозный,"400,0","399,0","401,0","388,0","364,0",,,"186,0",,,,,,"211,0","210,7","213,7","215,7","218,2","222,0","226,1","231,2","272,0","272,0","276,0","277,0","280,0","284,0","287,0","292,0","297,0","301,0"
Владикавказ,"300,0","302,0","306,0","325,0","307,0","311,0","310,0","312,0","314,0","310,0","310,6","310,1","310,6","316,0","315,6","315,0","314,5","314,1","313,8","312,8","312,4","312,0","312,0","310,0","308,0","307,0","308,0","307,0","307,0","306,0","305,0"
Подольск,"209,0","207,0","209,0","208,0","206,0","204,0","201,0","198,0","198,0","195,0","195,9","194,3","191,8","181,0","181,0","180,4","180,0","179,5","179,4","180,0","182,4","188,0","189,0","193,0","207,0","219,0","224,0","294,0","300,0","303,0","304,0"
Тамбов,"305,0","306,0","310,0","311,0","312,0","313,0","315,0","317,0","318,0","316,0","315,1","312,0","308,0","294,0","293,0","289,6","287,2","284,5","281,8","279,8","278,6","280,0","280,0","281,0","282,0","285,0","289,0","288,0","290,0","294,0","292,0"
Мурманск,"468,0","442,0","473,0","468,0","455,0","444,0","406,0","398,0","394,0","387,0","382,7","376,3","370,7","336,0","336,1","329,1","325,1","321,0","317,5","314,8","311,2","307,0","307,0","305,0","302,0","299,0","305,0","302,0","298,0","295,0","292,0"
Петрозаводск,"269,0","276,0","277,0","280,0","279,0","279,0","281,0","282,0","282,0","282,0","282,5","282,1","282,9","266,0","266,2","266,2","266,0","265,1","266,3","268,8","271,1","262,0","262,0","265,0","269,0","272,0","275,0","277,0","279,0","279,0","280,0"
Нижневартовск,"241,0","249,0","247,0","243,0","242,0","241,0","241,0","239,0","235,0","239,0","235,6","233,9","238,1","239,0","239,0","239,8","240,1","240,8","242,0","243,5","245,9","252,0","252,0","259,0","263,0","266,0","268,0","271,0","275,0","275,0","277,0"
Стерлитамак,"247,0","250,0","252,0","254,0","254,0","256,0","259,0","261,0","259,0","262,0","263,6","265,2","266,8","264,0","264,4","264,5","265,0","265,5","266,2","268,3","269,7","273,0","274,0","274,0","276,0","277,0","279,0","280,0","280,0","280,0","278,0"
Кострома,"278,0","279,0","282,0","282,0","282,0","283,0","284,0","285,0","286,0","289,0","289,3","288,1","287,0","279,0","278,8","277,2","275,9","274,5","273,4","271,7","270,5","269,0","269,0","269,0","271,0","273,0","276,0","277,0","278,0","277,0","276,0"
Новороссийск,"186,0","188,0","189,0","190,0","192,0","194,0","203,0","204,0","204,0","205,0","204,3","203,3","203,3","232,0","232,1","231,5","231,1","230,7","229,2","227,9","228,2","242,0","243,0","247,0","251,0","257,0","262,0","267,0","271,0","273,0","275,0"
Йошкар-Ола,"242,0","245,0","248,0","249,0","248,0","248,0","251,0","251,0","251,0","251,0","249,8","249,2","248,5","257,0","256,7","255,5","253,4","251,4","249,8","248,7","248,7","249,0","249,0","253,0","257,0","260,0","263,0","265,0","267,0","268,0","272,0"
Химки,"133,0","136,0","136,0","135,0","135,0","135,0","136,0","135,0","133,0","135,0","133,5","133,7","135,8","141,0","141,0","142,1","179,7","180,1","181,0","183,6","186,3","207,0","209,0","215,0","221,0","226,0","232,0","240,0","245,0","251,0","255,0"
Таганрог,"292,0","292,0","294,0","293,0","292,0","291,0","291,0","290,0","291,0","289,0","287,6","284,4","280,9","282,0","281,9","277,3","273,0","268,6","264,4","260,7","257,6","258,0","257,0","257,0","255,0","254,0","253,0","251,0","250,0","250,0","249,0"
Сыктывкар,"232,0","222,0","224,0","226,0","226,0","227,0","229,0","229,0","230,0","230,0","230,9","229,7","227,7","230,0","229,0","228,5","228,9","229,3","229,2","231,0","233,0","235,0","236,0","239,0","240,0","242,0","243,0","244,0","245,0","245,0","245,0"
Комсомольск-на-Амуре,"315,0","319,0","319,0","319,0","315,0","311,0","310,0","306,0","300,0","299,0","295,1","291,6","289,5","281,0","281,0","277,9","275,9","273,3","271,6","272,4","271,0","264,0","263,0","260,0","258,0","255,0","253,0","251,0","250,0","248,0","247,0"
Нижнекамск,"191,0","195,0","196,0","199,0","203,0","207,0","211,0","214,0","213,0","221,0","222,0","223,4","226,1","225,0","225,4","226,6","227,0","226,9","226,6","226,4","226,6","234,0","234,0","235,0","235,0","236,0","235,0","236,0","237,0","238,0","239,0"
Нальчик,"235,0","233,0","241,0","242,0","241,0","239,0","234,0","233,0","236,0","232,0","234,7","233,4","228,4","275,0","275,0","273,5","272,8","271,4","270,4","269,7","269,2","240,0","240,0","239,0","239,0","239,0","239,0","239,0","239,0","239,0","239,0"
Мытищи,"154,0","154,0","154,0","154,0","153,0","152,0","153,0","153,0","153,0","155,0","155,7","155,7","157,0","160,0","159,9","161,4","161,5","161,8","162,7","163,4","164,3","173,0","173,0","175,0","179,0","183,0","187,0","201,0","205,0","212,0","223,0"
Шахты,"226,0","226,0","228,0","228,0","228,0","229,0","228,0","228,0","228,0","225,0","224,4","221,8","218,2","223,0","222,6","219,7","249,1","247,7","245,9","244,4","245,8","240,0","240,0","238,0","238,0","237,0","237,0","237,0","235,0","234,0","232,0"
Дзержинск,"285,0","287,0","287,0","287,0","287,0","286,0","285,0","284,0","282,0","281,0","278,9","277,1","274,9","261,0","261,3","258,7","255,7","252,5","249,9","247,5","246,0","241,0","241,0","239,0","238,0","236,0","234,0","233,0","232,0","231,0","229,0"
Орск,"271,0","272,0","272,0","273,0","274,0","274,0","276,0","275,0","274,0","275,0","274,4","273,9","274,6","251,0","250,6","249,0","247,6","247,0","246,1","245,5","245,0","240,0","240,0","238,0","236,0","235,0","233,0","231,0","230,0","229,0","228,0"
Братск,"256,0","288,0","289,0","289,0","289,0","288,0","285,0","284,0","255,0","281,0","252,5","277,6","278,8","251,0","259,3","257,9","256,6","254,9","253,1","252,0","251,0","246,0","246,0","244,0","241,0","239,0","236,0","234,0","232,0","229,0","227,0"
Королёв,"159,0","137,0","136,0","136,0","136,0","135,0","135,0","134,0","134,0","134,0","133,2","132,4","132,9","143,0","142,6","170,7","171,6","172,8","173,6","174,6","175,4","183,0","183,0","186,0","187,0","188,0","221,0","221,0","222,0","223,0","225,0"
Благовещенск,"206,0","207,0","211,0","214,0","213,0","214,0","213,0","214,0","217,0","217,0","220,9","222,0","220,6","219,0","219,2","219,5","217,7","212,2","209,1","207,3","206,7","214,0","214,0","216,0","218,0","220,0","224,0","224,0","224,0","225,0","226,0"
Энгельс,"181,0","183,0","184,0","183,0","184,0","184,0","187,0","188,0","188,0","189,0","189,1","189,0","190,6","194,0","194,0","192,2","192,0","194,8","200,8","204,4","206,8","202,0","203,0","207,0","213,0","218,0","222,0","224,0","226,0","226,0","226,0"
Великий Новгород,"229,0","231,0","234,0","235,0","234,0","233,0","232,0","231,0","232,0","231,0","231,7","229,5","226,5","217,0","216,9","213,8","218,8","217,7","216,7","216,2","215,4","219,0","219,0","220,0","220,0","220,0","222,0","222,0","223,0","223,0","224,0"
Ангарск,"265,0","267,0","269,0","269,0","269,0","267,0","267,0","268,0","268,0","267,0","266,6","264,7","264,0","247,0","247,1","245,5","247,9","245,7","244,1","242,5","241,5","234,0","233,0","233,0","231,0","230,0","228,0","227,0","226,0","226,0","225,0"
Старый Оскол,"174,0","177,0","182,0","184,0","188,0","193,0","197,0","201,0","205,0","208,0","211,8","213,8","215,2","216,0","215,9","217,3","217,4","218,2","219,1","220,2","221,1","221,0","221,0","221,0","221,0","221,0","221,0","222,0","223,0","224,0","224,0"
Псков,"204,0","205,0","208,0","209,0","208,0","207,0","207,0","207,0","206,0","204,0","202,9","201,5","200,1","203,0","202,8","201,0","200,1","197,1","194,9","194,2","193,0","203,0","203,0","204,0","206,0","207,0","208,0","208,0","210,0","211,0","210,0"
Люберцы,"165,0","165,0","165,0","164,0","164,0","165,0","166,0","166,0","166,0","166,0","165,1","163,9","162,6","157,0","156,7","157,7","157,7","158,7","158,9","159,0","158,7","173,0","173,0","177,0","181,0","185,0","189,0","190,0","198,0","203,0","207,0"
Южно-Сахалинск,"159,0","178,0","164,0","165,0","165,0","162,0","177,0","178,0","181,0","177,0","179,9","179,2","176,2","175,0","175,1","174,2","173,6","173,4","173,2","173,8","174,7","182,0","182,0","186,0","190,0","193,0","193,0","194,0","195,0","199,0","201,0"
Бийск,"233,0","229,0","235,0","235,0","234,0","233,0","227,0","227,0","226,0","225,0","225,7","225,0","223,5","219,0",,"229,4","227,6","225,3","223,0","221,4","219,8","210,0","210,0","207,0","205,0","204,0","204,0","204,0","203,0","202,0","201,0"
Прокопьевск,"274,0","261,0","273,0","272,0","269,0","266,0","250,0","247,0","247,0","241,0","240,5","237,3","231,2","225,0","224,6","221,2","218,9","216,7","214,7","213,2","212,0","210,0","210,0","207,0","205,0","203,0","201,0","198,0","196,0","194,0","192,0"
Армавир,"161,0","160,0","162,0","163,0","163,0","163,0","162,0","163,0","166,0","165,0","166,6","164,9","161,7","194,0","194,0","192,5","191,7","190,7","190,0","189,1","188,3","189,0","189,0","190,0","191,0","192,0","192,0","191,0","191,0","191,0","190,0"
Балаково,"197,0","201,0","201,0","203,0","205,0","206,0","208,0","208,0","206,0","208,0","206,3","206,0","207,5","200,0","200,5","199,7","199,6","199,2","199,1","198,7","199,3","200,0","199,0","198,0","196,0","195,0","194,0","192,0","191,0","190,0","188,0"
Абакан,"154,0","156,0","157,0","158,0","158,0","159,0","160,0","162,0","166,0","167,0","169,0","169,2","167,9","165,0","165,2","164,6","164,7","164,0","163,1","163,2","163,4","165,0","166,0","168,0","170,0","173,0","176,0","179,0","182,0","184,0","186,0"
Рыбинск,"251,0","253,0","253,0","252,0","251,0","249,0","249,0","247,0","245,0","244,0","241,8","239,6","238,3","223,0","222,7","219,6","217,5","214,9","213,0","211,0","208,7","201,0","200,0","198,0","197,0","195,0","193,0","192,0","190,0","189,0","187,0"
Северодвинск,"249,0","255,0","252,0","250,0","245,0","243,0","246,0","244,0","237,0","239,0","231,8","229,3","232,8","202,0","201,6","199,3","197,4","195,2","193,2","191,4","188,9","192,0","192,0","190,0","189,0","187,0","186,0","185,0","184,0","183,0","182,0"
Петропавловск-Камчатский,"269,0","236,0","273,0","273,0","265,0","256,0","213,0","208,0","202,0","202,0","196,7","194,1","195,5","198,0","198,0","196,6","196,0","195,2","195,1","194,9","194,1","180,0","180,0","180,0","182,0","183,0","181,0","181,0","180,0","181,0","181,0"
Норильск,"175,0","178,0","169,0","165,0","167,0","163,0","164,0","161,0","155,0","156,0","146,5","140,8","143,1","135,0","134,8","133,4","131,9","213,2","209,4","206,4","203,9","175,0","175,0","177,0","178,0","177,0","176,0","177,0","178,0","180,0","181,0"
Красногорск,"90,0",,,"91,7",,,,"91,3",,"91,0",,"90,6","90,2","92,0","92,5","93,0","99,1","99,5","98,9","99,5","100,9","117,0","118,0","123,0","128,0","132,0","138,0","145,0","153,0","162,0","172,0"
Уссурийск,"157,0","158,0","160,0","161,0","162,0","162,0","161,0","160,0","161,0","158,0","158,4","157,3","155,7","158,0","157,8","157,1","156,0","154,8","153,9","153,4","153,6","158,0","158,0","162,0","165,0","167,0","168,0","169,0","171,0","172,0","173,0"
Волгодонск,"176,0","179,0","181,0","182,0","183,0","182,0","184,0","183,0","181,0","181,0","179,2","178,2","179,1","166,0","166,0","165,8","171,4","170,8","170,1","169,6","169,0","171,0","171,0","170,0","170,0","170,0","170,0","171,0","171,0","172,0","172,0"
Сызрань,"174,0","182,0","175,0","175,0","176,0","176,0","185,0","186,0","179,0","187,0","188,1","186,9","184,3","188,0","188,1","185,5","183,5","181,5","179,8","179,0","178,9","179,0","179,0","178,0","177,0","176,0","175,0","175,0","173,0","171,0","169,0"
Новочеркасск,"188,0","187,0","189,0","188,0","188,0","189,0","188,0","188,0","188,0","186,0","186,5","184,4","181,6","171,0","170,8","168,7","180,8","179,5","178,0","177,0","176,5","169,0","169,0","169,0","173,0","173,0","173,0","170,0","169,0","168,0","167,0"
Каменск-Уральский,"208,0","199,0","209,0","209,0","208,0","207,0","196,0","194,0","194,0","192,0","192,0","190,6","188,3","186,0","186,2","184,6","183,3","182,5","181,6","181,0","180,1","175,0","175,0","173,0","172,0","171,0","171,0","170,0","170,0","169,0","167,0"
Златоуст,"208,0","206,0","208,0","208,0","207,0","206,0","203,0","202,0","200,0","200,0","198,4","196,9","195,9","195,0","194,6","192,8","191,5","190,3","189,4","188,8","188,0","175,0","175,0","174,0","172,0","171,0","170,0","169,0","168,0","167,0","165,0"
Альметьевск,"129,0","131,0","133,0","133,0","135,0","138,0","139,0","140,0","140,0","142,0","141,0","140,7","141,6","140,0","140,4","142,4","142,2","141,7","141,9","142,0","141,9","146,0","146,0","148,0","149,0","150,0","151,0","153,0","154,0","156,0","157,0"
Электросталь,"152,0","153,0","153,0","153,0","152,0","151,0","150,0","149,0","148,0","148,0","147,6","147,0","146,4","146,0","146,3","146,3","146,4","146,2","146,0","145,8","146,3","155,0","155,0","156,0","157,0","157,0","158,0","158,0","159,0","158,0","157,0"
Миасс,"168,0","164,0","170,0","170,0","171,0","171,0","167,0","167,0","167,0","166,0","166,9","166,2","164,3","158,0","158,4","157,0","155,7","154,5","153,6","152,6","152,5","152,0","152,0","151,0","151,0","151,0","151,0","151,0","152,0","152,0","151,0"
Салават,"150,0","152,0","151,0","152,0","154,0","155,0","157,0","158,0","155,0","157,0","156,4","156,8","158,3","159,0","158,6","158,5","157,9","157,0","156,3","155,9","155,8","156,0","156,0","155,0","155,0","155,0","156,0","154,0","153,0","152,0","152,0"
Копейск,"79,0",,,"78,2",,,,"73,3",,"73,1",,"73,1","72,5","73,0","73,3","72,0","138,5","137,8","137,4","137,2","137,1","138,0","138,0","138,0","140,0","142,0","145,0","146,0","148,0","148,0","148,0"
Находка,"160,0","162,0","165,0","166,0","165,0","164,0","163,0","162,0","161,0","160,0","159,8","157,7","155,6","149,0","148,8","146,4","173,5","171,7","170,0","168,5","166,5","160,0","160,0","159,0","158,0","156,0","156,0","154,0","151,0","149,0","147,0"
Пятигорск,"129,0","126,0","131,0","132,0","132,0","132,0","128,0","129,0","134,0","129,0","133,1","132,5","126,8","141,0","140,6","139,8","139,7","139,5","139,3","140,1","141,1","143,0","143,0","144,0","145,0","146,0","146,0","145,0","146,0","146,0","146,0"
Хасавюрт,"71,0",,,"74,0",,,,,,"84,8",,"86,2","87,0","122,0","121,8","123,1","124,0","125,0","126,0","127,1","128,4","131,0","131,0","133,0","134,0","135,0","137,0","138,0","140,0","141,0","143,0"
Майкоп,"148,0","150,0","153,0","155,0","163,0","164,0","164,0","165,0","166,0","166,0","167,0","167,3","167,0","157,0","156,9","157,0","157,2","156,8","156,7","153,5","154,6","144,0","144,0","144,0","145,0","145,0","144,0","144,0","143,0","142,0","141,0"
Рубцовск,"172,0","172,0","173,0","172,0","172,0","171,0","170,0","169,9","167,0","167,1","163,9","162,6","164,5","163,0","162,7","161,6","160,4","158,6","157,3","156,2","155,4","147,0","147,0","146,0","146,0","147,0","147,0","146,0","145,0","144,0","143,0"
Коломна,"161,0","155,0","164,0","164,0","163,0","162,0","154,0","153,0","153,0","152,0","151,5","150,7","149,4","150,0","150,1","149,5","148,8","148,0","147,9","148,0","148,4","145,0","145,0","145,0","145,0","144,0","144,0","144,0","144,0","143,0","141,0"
Березники,"201,0","192,0","200,0","197,0","197,0","196,0","185,0","184,0","183,0","183,0","182,2","181,9","182,2","173,0","173,1","171,4","169,9","168,3","167,0","166,0","164,9","157,0","156,0","155,0","153,0","151,0","149,0","147,0","145,0","143,0","141,0"
Домодедово,"55,0",,,"56,6",,,,"56,4",,"57,2",,,,"56,0","54,1",,"82,3","82,7","83,7",,"88,2","96,0","97,0","101,0","105,0","108,0","112,0","117,0","124,0","128,0","134,0"
Ковров,"160,0","162,0","162,0","162,0","162,0","161,0","163,0","163,0","162,0","162,0","161,2","159,9","159,3","155,0","155,5","153,9","152,8","151,6","150,9","150,4","149,4","145,0","145,0","144,0","142,0","141,0","140,0","139,0","139,0","138,0","136,0"
Одинцово,"125,0","128,0","128,0","129,0","130,0","130,0","130,0","129,0","128,0","129,0","127,6","127,4","127,5","135,0","134,8","133,6","133,2","131,8","130,1","129,0","12 796,0","139,0","139,0","138,0","138,0","140,0","141,0","141,0","141,0","141,0","138,0"
Кисловодск,"114,0","108,0","117,0","118,0","119,0","119,0","112,0","112,0","121,0","113,0","120,8","120,4","111,9","130,0","129,8","129,3","128,9","128,7","128,5","129,2","129,5","129,0","128,0","129,0","129,0","130,0","130,0","130,0","130,0","130,0","129,0"
Нефтекамск,"107,0","110,0","111,0","113,0","115,0","116,0","118,0","119,0","118,0","118,0","116,5","115,7","115,8","122,0","122,3","122,3","119,1","118,3","117,8","118,0","118,7","122,0","122,0","123,0","124,0","124,0","125,0","126,0","127,0","128,0","129,0"
Нефтеюганск,"94,0","96,0","96,0","94,8",,,"97,0","97,0","98,0","99,0","98,0","98,0","100,0","108,0","107,8","109,9","111,5","113,0","114,7","115,7","117,3","123,0","123,0","125,0","126,0","126,0","125,0","125,0","126,0","127,0","128,0"
Батайск,"92,0",,,"93,7",,,,"96,7",,"97,6",,"95,9","94,9","107,0","107,4","105,9","104,8","104,0","103,1","101,2","102,2","112,0","112,0","114,0","116,0","117,0","120,0","122,0","125,0","127,0","128,0"
Новочебоксарск,"115,0","118,0","119,0","121,0","121,0","122,0","124,0","125,0","123,2","124,0","123,6","123,4","124,2","126,0","125,9","125,3","125,5","125,5","126,0","126,3","126,9","124,0","124,0","124,0","124,0","124,0","125,0","125,0","126,0","127,0","127,0"
Серпухов,"144,0","142,0","141,0","141,0","140,0","139,0","139,0","139,0","138,0","137,0","134,6","132,0","129,7","131,0","131,1","128,4","126,7","125,0","124,2","123,8","123,4","127,0","127,0","127,0","127,0","127,0","127,0","127,0","126,0","126,0","125,0"
Щёлково,"109,0","109,0","110,0","109,0","109,0","108,0","107,0","107,0","107,0","106,0","105,9","104,9","103,5","113,0","112,9","112,9","112,9","112,9","113,0","112,8","113,9","110,0","110,0","110,0","113,0","116,0","119,0","124,0","126,0","126,0","125,0"
Дербент,"78,0",,,"82,0",,,,"90,0",,"91,1",,"93,1","94,2","101,0","101,0","103,1","104,8","106,3","107,7","109,0","110,7","119,0","119,0","119,0","120,0","120,0","121,0","122,0","123,0","124,0","125,0"
Каспийск,"60,0",,,"62,4",,,,"67,1",,"68,4",,"69,4","70,0","78,0","77,7","79,8","81,2","82,5","82,7","83,4",,"100,0","100,0","102,0","103,0","105,0","107,0","110,0","113,0","116,0","119,0"
Черкесск,"113,0","114,0","117,0","119,0","119,0","119,0","118,0","119,0","120,0","121,0","122,2","121,7","120,7","116,0","116,2","116,9","117,1","116,9","116,3","116,3","116,7","129,0","129,0","128,0","126,0","125,0","124,0","123,0","122,0","122,0","123,0"
Новомосковск,"146,0","146,0","146,0","145,0","145,0","144,0","143,0","142,0","142,0","140,0","139,6","138,1","135,3","134,0","134,1","131,7","129,8","127,8","125,7","124,1","132,7","131,0","131,0","130,0","129,0","128,0","127,0","126,0","126,0","125,0","123,0"
Раменское,"88,0",,,"88,9",,,,,,"85,7",,"85,1","84,7","83,0","82,0",,"81,6",,,"82,3","83,2","96,0","97,0","99,0","101,0","103,0","106,0","110,0","113,0","116,0","120,0"
Первоуральск,"142,0","136,0","144,0","144,0","144,0","143,0","136,0","136,0","136,0","136,0","136,4","136,1","135,0","132,0","132,3","131,5","132,7","132,9","133,6","134,0","134,4","125,0","125,0","125,0","125,0","126,0","125,0","125,0","124,0","124,0","122,0"
Назрань,"18,0","18,0","19,0","19,4","23,0",,,"72,0","75,0","76,4","77,0","78,0","113,4","125,0","125,1","127,3","128,8","130,2","132,2","134,3","137,0","93,0","94,0","99,0","102,0","106,0","109,0","113,0","116,0","118,0","120,0"
Кызыл,"85,0","86,5","87,0","90,0","89,0","90,0","92,0","95,0","96,0","97,0","99,0","99,9","101,5","104,0","104,1","105,9","108,1","109,1","108,3","108,1","108,3","110,0","110,0","112,0","113,0","114,0","114,0","116,0","116,0","117,0","118,0"
Орехово-Зуево,"137,0","130,0","137,0","136,0","135,0","134,0","126,0","125,0","125,0","126,0","126,0","125,0","125,0","122,0","122,0","122,0","122,0","122,0","122,0","122,0","122,0","121,0","121,0","121,0","121,0","121,0","120,0","120,0","120,0","119,0","118,0"
Обнинск,"100,0","101,0","104,0","105,0","106,0","107,0","108,0","109,0","110,0","110,0","109,0","108,0","108,0","106,0","106,0","106,0","105,0","105,0","105,0","106,0","106,0","105,0","105,0","105,0","106,0","107,0","109,0","111,0","114,0","115,0","118,0"
Новый Уренгой,"93,0",,,,,,,"90,0",,"90,0",,"89,0","90,0","94,0","95,0","96,0","109,0","113,0","117,0","118,0","119,0","104,0","105,0","112,0","116,0","116,0","115,0","111,0","113,0","115,0","117,0"
Невинномысск,"121,0","122,0","123,0","125,0","127,0","129,0","131,0","132,0","133,0","134,0","133,0","133,0","133,0","132,0","132,0","132,0","131,0","130,0","129,0","129,0","129,0","118,0","118,0","118,0","118,0","118,0","118,0","118,0","118,0","117,0","117,0"
Долгопрудный,"71,0",,,"70,0",,,,"68,0",,"67,0",,"68,0","68,0","69,0","69,0",,"77,0","78,0","80,0","81,0","82,0","91,0","91,0","93,0","95,0","98,0","99,0","101,0","104,0","109,0","112,0"
Октябрьский,"124,0",,,,,,,,,,,,,"131,0",,,,,,,,"123,0","122,0","121,0","120,0","119,0","117,0","117,0","116,0","115,0","114,0"
Октябрьский,"105,0","105,0","107,0","107,0","107,0","109,0","110,0","111,0","111,0","111,0","112,0","112,0","111,0","109,0","109,0","109,0","108,0","108,0","108,0","108,0","109,0","110,0","110,0","111,0","112,0","112,0","112,0","114,0","114,0","114,0","114,0"
Камышин,"122,0","124,0","124,0","125,0","127,0","127,0","129,0","129,0","128,0","129,0","126,0","124,0","124,0","128,0","128,0","126,0","124,0","122,0","120,0","119,0","117,0","120,0","119,0","118,0","117,0","115,0","113,0","113,0","112,0","111,0","111,0"
Ессентуки,"85,0","85,0","86,0","87,0","87,0","89,0","89,0","85,0","85,0","84,0","85,0","84,0","83,0","82,0","82,0","81,0","81,0","81,0","81,0","82,0","82,0","101,0","101,0","101,0","102,0","103,0","104,0","106,0","107,0","109,0","110,0"
Муром,"124,0","142,0","126,0","127,0","127,0","127,0","144,0","143,0","126,0","142,0","143,0","142,0","140,0","127,0","127,0","125,0","124,0","122,0","121,0","119,0","118,0","116,0","116,0","114,0","113,0","111,0","111,0","110,0","110,0","109,0","108,0"
Реутов,"68,0",,,"69,0",,,,,,"70,0",,"71,0","72,0","77,0","77,0",,"79,0","80,0","81,0","82,0","83,0","87,0","87,0","89,0","91,0","92,0","94,0","97,0","100,0","104,0","107,0"
Пушкино,"76,0",,,"76,0",,,,"79,0",,"71,0",,"70,0","70,0","72,0","72,0",,"96,0","96,0","97,0","98,0","98,0","103,0","103,0","103,0","105,0","106,0","108,0","107,0","107,0","105,0","107,0"
Жуковский,"101,0",,"101,0","101,0","101,0","100,0",,,,,,"96,0","95,0","101,0","101,0","101,0","101,0","101,0","102,0","103,0","104,0","105,0","105,0","106,0","107,0","108,0","108,0","108,0","109,0","108,0","108,0"
Новошахтинск,"108,0",,"107,0","107,0","107,0","107,0",,"106,0","105,0","104,0","103,0","102,0","101,0","101,0","101,0","101,0","116,0","115,0","115,0","115,0","114,0","111,0","111,0","110,0","110,0","109,0","109,0","109,0","109,0","108,0","108,0"
Артём,"68,0",,,"70,0",,,,,,"68,0",,"67,0","67,0","64,0","64,0","64,0","102,0","102,0","102,0","102,0","102,0","103,0","103,0","103,0","102,0","102,0","104,0","105,0","107,0","107,0","106,0"
Северск,"110,0","112,0","114,0","115,0","116,0","116,0","111,0","117,0","111,0","118,0","118,0","119,0","120,0","109,0","109,0","108,0","108,0","108,0","107,0","107,0","107,0","109,0","109,0","110,0","110,0","109,0","108,0","108,0","108,0","107,0","107,0"
Ноябрьск,"86,0",,,,,,,,"97,0",,,"96,0","97,0","96,0","97,0","98,0","107,0","109,0","110,0","110,0","110,0","111,0","111,0","109,0","108,0","108,0","107,0","107,0","107,0","107,0","106,0"
Ачинск,"122,0","121,0","122,0","122,0","122,0","122,0","122,0","122,0","123,0","123,0","122,0","122,0","120,0","119,0","119,0","117,0","116,0","113,0","112,0","111,0","110,0","109,0","109,0","108,0","109,0","107,0","106,0","105,0","105,0","105,0","105,0"
Бердск,"79,0",,,"81,0",,,,"86,0",,"86,0",,"87,0","87,0","89,0","88,0",,"91,0","92,0","93,0","94,0","96,0","97,0","98,0","99,0","100,0","102,0","103,0","103,0","103,0","104,0","104,0"
Ногинск,"123,0","123,0","123,0","122,0","121,0","120,0","119,0","118,0","118,0","118,0","118,0","117,0","117,0","118,0","118,0","117,0","117,0","116,0","116,0","116,0","116,0","100,0","100,0","102,0","102,0","102,0","102,0","102,0","102,0","103,0","102,0"
Арзамас,"109,0","110,0","112,0","112,0","112,0","112,0","112,0","112,0","112,0","111,0","111,0","111,0","110,0","109,0","109,0","108,0","108,0","107,0","106,0","106,0","106,0","106,0","106,0","106,0","105,0","105,0","105,0","105,0","105,0","104,0","104,0"
Элиста,"90,0","91,0","93,0","93,0","92,0","93,0","94,0","96,0","98,0","100,0","102,0","102,0","108,0","104,0","104,0","104,0","103,0","103,0","103,0","103,0","103,0","104,0","104,0","104,0","104,0","104,0","104,0","104,0","104,0","103,0","103,0"
Елец,"120,0","120,0","121,0","121,0","120,0","119,0","118,0","117,0","122,0","120,0","120,0","119,0","118,0","113,0","117,0","116,0","115,0","113,0","113,0","112,0","111,0","108,0","108,0","108,0","107,0","106,0","106,0","105,0","105,0","104,0","103,0"
Новокуйбышевск,"113,0","113,0","113,0","113,0","113,0","114,0","115,0","115,0","116,0","116,0","116,0","116,0","115,0","113,0","113,0","112,0","112,0","112,0","112,0","111,0","111,0","108,0","108,0","108,0","107,0","106,0","105,0","104,0","103,0","102,0","101,0"
Железногорск,"85,0",,,"90,0",,,,"95,0",,"96,0",,,"98,0","96,0","96,0",,"96,0","96,0","97,0",,"98,0","95,0","95,0","96,0","97,0","98,0","99,0","100,0","101,0","101,0","100,0"
Сергиев Посад,"115,0","115,0","116,0","116,0","115,0","114,0","113,0","113,0","113,0","112,0","112,0","111,0","110,0","114,0","114,0","112,0","114,0","113,0","111,0","109,0","108,0","111,0","111,0","110,0","108,0","107,0","106,0","105,0","105,0","103,0","102,0"
Зеленодольск,"94,0",,"97,0","99,0","100,0","101,0","102,0","102,0","101,0","102,0","101,0","100,0","101,0","100,0","100,0","100,0","99,0","99,0","99,0","99,0","99,0","98,0","98,0","98,0","98,0","98,0","98,0","99,0","99,0","99,0","100,0"
Ханты-Мансийск,,,,"35,0",,,,"34,6",,"34,6","37,7",,"38,7","54,0","54,0","55,7","57,3","59,6","63,2","67,8","71,8","80,2","80,5","85,0","91,0","93,5","95,4","96,9","98,7","98,5","99,4"
Тобольск,"94,1",,,"97,6",,,,"98,0",,"97,2",,"97,2","96,4","92,9","92,9","92,0","101,1","100,6","100,0","99,8","99,2","99,7","99,7","98,3","98,2","98,1","98,2","98,4","98,9","99,0","98,9"
Воткинск,"103,5","104,0","105,0","105,0","105,0","104,0","104,0","103,0","103,0","103,0","102,0","101,7","101,7","99,4","99,4",,"98,5","98,0","97,6","97,3","96,9","99,0","99,0","98,6","98,3","98,0","98,2","98,1","98,1","97,6","97,3"
Серов,"104,2",,"104,0","103,4","103,0","102,0",,"100,4","100,0","100,4","100,4","99,8","99,0","99,8","99,8",,"98,7","98,0","98,5","98,5","98,4","99,4","99,4","99,1","98,9","98,3","98,0","97,9","97,8","97,4","96,6"
Сарапул,"110,4","111,0","111,0","111,0","111,0","110,0","109,0","108,0","108,0","107,0","106,8","105,7","104,2","103,1","103,1","102,1","101,0",,"99,8","99,4","98,8","101,4","101,4","100,6","100,2","99,9","99,2","98,6","97,9","97,3","96,4"
Междуреченск,"107,0","104,0","108,0","108,0","108,0","107,0","105,0","104,0","104,0","104,0","104,5","104,4","105,3","102,0","102,0","102,3","103,0","103,7","103,5","103,8","104,0","101,7","101,6","100,7","99,8","98,9","98,8","98,7","97,9","97,1","96,2"
Ухта,"110,5","112,0","112,1",,"111,0","109,0",,"104,1","103,0","101,0","99,4","97,5","96,0","103,3","103,3","102,9","103,1","103,3","103,5","103,4","103,4","99,6","99,6","99,8","99,5","99,2","98,9","98,3","97,8","97,1","96,0"
Саров,,,,,,,,"82,6",,"83,1",,,"84,6","87,7","87,7",,"88,0",,"87,8","87,9","88,0","92,0",,"93,0","93,4","94,1","94,4","94,4","95,1","95,4","95,5"
Ленинск-Кузнецкий,"165,5","125,0","133,0","132,0","132,0","131,0","120,0","119,0","118,0","116,0","115,6","113,8","111,6","112,3","112,3","110,4","109,3","107,8","106,4","105,4","104,8","101,7","101,5","100,5","99,7","99,3","98,7","97,7","96,9","96,1","95,3"
Гатчина,"79,7",,,"80,9",,,,"81,0","81,8","81,4",,"81,8","81,7","88,4","88,4",,"88,5","89,1","89,1","89,9","90,1","92,9","92,9","93,8","95,1","95,9","96,3","95,6","95,2","94,4","93,7"
Михайловск,"43,0",,,,,,,"50,3",,,,"50,3","50,6","58,2","58,2",,"59,1","60,0","60,4","61,0","61,8","71,0","71,1","72,8","75,7","79,6","82,7","85,4","87,9","90,7","93,7"
Воскресенск,,,,,,,,,,,,,,,,,,"94,2","92,8","91,1",,"91,5","91,5","92,2","92,9","93,5","93,8","94,1","94,0","93,6","93,2"
Соликамск,"110,1","110,0","110,0","110,0","109,0","109,0","108,0","107,0","107,0","107,0","106,4","106,0","105,4","102,5","102,5","101,4","100,4","99,4","98,2","97,3","96,2","97,4","97,1","96,8","96,3","95,8","95,5","95,2","94,6","93,9","93,1"
Глазов,"104,1","105,0","106,0","107,0","107,0","107,0","107,0","107,0","106,0","106,0","106,0","106,3","106,8","100,9","100,9","101,0","100,8","100,4","99,6","98,2","97,1","95,9","95,9","95,6","95,1","94,9","94,6","94,0","93,6","93,1","92,4"
Магадан,"151,7","154,0","155,0","152,0","142,0","135,0","128,0","124,2","123,0","122,0","121,8","121,0","120,6","99,4","99,4",,"99,8","100,0","100,2","99,6","99,0","96,0",,"95,5","95,0","94,3","93,0","92,1","92,7","92,8","91,8"
Мичуринск,"109,1","122,0","109,0","109,0","109,0","108,0","121,0","121,0","123,0","120,0","121,8","120,7","116,8","96,1","96,1",,"93,1","91,9","90,9","90,2","89,5","98,8","98,8","97,6","96,8","96,6","95,9","94,7","93,7","93,3","91,6"
Великие Луки,"113,2","114,0","115,0","116,0","117,0","116,0","116,0","116,0","117,0","117,0","117,1","116,3","115,0","105,0",,"104,3","103,5","102,4","101,1","100,3","99,3","98,8","98,6","98,4","97,9","96,5","95,6","94,0","92,8","91,4","90,5"
Лобня,"60,5",,,"61,0",,,,"60,2",,"60,0",,,"59,7","61,6","61,6",,"65,6","66,3","67,1",,"69,5","74,3","74,3","76,7","79,4","82,1","84,2","86,0","87,4","88,2","89,3"
Канск,"109,6","110,0","110,0","110,0","110,0","110,0","110,0","109,0","108,0","108,0","107,5","107,4","108,1","103,0","103,0","102,2","102,0","101,6","100,3","100,5","97,3","94,2","94,0","93,1","92,6","92,1","91,7","91,0","90,2","89,5","89,1"
Каменск-Шахтинский,"72,4",,,"73,3",,,,"73,6",,"72,7",,"71,1","70,6","75,6","75,6",,"96,6","95,7","94,9","94,5","94,0","95,3","95,2","94,2","93,0","92,0","91,2","90,3","89,7","89,0","88,3"
Киселёвск,"120,0","120,0","127,0","126,0","126,0","125,0","115,0","114,0","114,0","112,0","111,1","110,0","108,2","106,3","106,3","105,0","104,1","103,6","103,4","103,8","103,8","98,4","98,1","96,8","95,8","94,6","93,4","92,2","91,0","89,9","88,2"
Губкин,"73,8",,,"78,4",,,,"85,3",,"86,7",,"86,9","87,0","85,8","86,1","86,3",,"86,2","86,3","86,4","86,6","88,6","88,6","88,1","87,6","87,9","87,4","87,1","87,0","86,8","86,4"
Бузулук,"84,0",,,"85,8",,,,"87,0",,"87,1",,"86,7","86,6","87,3","87,3","87,2","87,1","87,7",,"88,9","89,3","82,9","82,9","83,3","84,1","84,7","85,2","85,9","86,3","86,2","86,1"
Новотроицк,"106,1","107,0","108,0","107,0","108,0","109,0","110,0","111,0","110,0","110,0","109,7","109,6","109,6","106,3","106,1","105,7","104,9","103,9","103,2","102,2","101,3","98,2","98,2","96,5","95,1","93,6","91,6","89,9","88,2","86,5","84,9"
Бугульма,"89,6",,,"91,1",,,,"93,7",,"94,2",,"93,7","93,1","93,0","93,0","92,4","91,3","90,9","90,6","90,6","90,2","89,2","89,0","88,3","87,7","87,2","86,7","86,1","85,5","84,5","83,5"
Железногорск,,,,"97,5",,,,"94,1",,,,,"94,7","93,9","93,9",,"94,2",,"93,9","93,7","93,2","84,8",,"84,7","84,9","84,9","84,9","84,5","84,1","83,9","83,4"
Ейск,"78,2",,,"80,5",,,,"85,0",,"85,7",,"85,0","84,9","86,3","86,3",,"87,0","87,1","87,1",,,"87,8","87,8","86,9","86,3","85,9","85,8","85,2","84,3","83,7","83,1"
Чайковский,"85,8",,,"88,4",,,,"89,7",,"89,9",,"90,1","90,2","86,7","86,7",,"84,8","84,1","83,5","82,9","82,6","82,9","82,9","82,9","82,9","82,9","83,2","83,1","83,5","83,1","82,7"
Кинешма,"104,6",,"105,0","104,4","104,0","103,0",,"102,3","101,0","100,3","100,0","99,1","98,3","95,2","95,2",,"94,2",,"92,9","92,4","92,0","88,2","88,2","87,4","86,7","86,1","85,3","84,6","83,9","83,0","82,0"
Анапа,"55,0",,,"56,7",,,,"57,9",,,,"55,4","54,8","53,5","53,5","53,5","53,6","54,2","54,8","55,7","56,5","59,0","59,0","61,6","63,7","66,8","70,5","73,4","75,4","75,9","81,4"
Усть-Илимск,"109,3","112,0","112,0","114,0","113,0","111,0","111,0","111,0","109,0","108,0","105,5","105,2","106,6","100,6","100,6","100,2","99,8","99,3","98,6","98,0","97,1","86,6","86,4","85,1","84,3","83,6","83,0","82,8","82,5","82,0","81,1"
Юрга,"93,2",,,"94,3",,,,"88,4",,"86,6",,"85,4","84,5","85,6","85,6",,"84,1","83,5","83,6","83,8","83,9","81,5","81,5","81,2","81,4","81,4","81,1","81,4","81,7","81,8","81,1"
Кузнецк,"98,6",,"100,0","100,6","101,0","101,0",,"99,7",,"98,3","98,4","97,5","96,6","92,1","92,1",,"90,3",,"88,9","88,3","87,7","88,8","88,8","88,0","87,2","86,2","85,2","84,3","83,4","82,3","81,0"
Новоуральск,,,,,,,"92,5","92,6",,,,,,"95,4","95,4",,"95,0",,,"92,7","92,2","85,5",,"84,4","83,6","83,1","82,6","81,9","81,6","81,2","80,7"
Азов,"80,3",,,"80,9",,,,"80,7",,"81,0",,"81,3","81,7","82,1","82,1",,"82,6","82,6","82,8","83,1","83,2","82,9","82,9","82,9","83,0","82,5","82,0","81,9","81,3","80,7","80,3"
Клин,"94,9",,,"95,1",,,,"92,8",,"90,5",,"89,1","87,9","83,2","83,2",,"82,9","82,4","81,9","81,5","80,9","80,6","80,6","80,1","79,9","79,5","79,2","79,1","79,1","79,2","79,4"
Ивантеевка,"53,1",,,"53,0",,,,"51,4",,"51,0",,"51,1","51,1","51,5","51,5",,"52,9","54,3","55,2","55,7","56,4","58,6","58,6","61,5","63,6","66,7","69,3","72,0","74,5","76,6","79,3"
Озёрск,,,,,,,,"89,2",,,,"87,5","87,3","91,8","91,8",,"91,4","87,5","87,2","86,9","86,5","82,2","82,2","81,5","81,0","80,6","80,0","79,5","79,3","79,1","78,8"
Кропоткин,"75,9",,,"77,2",,,,"82,0",,"82,5",,"82,8","82,8","79,2","79,2",,"79,6","79,8","80,0","80,5","80,8","80,8","80,8","80,6","80,3","80,0","79,8","79,7","79,2","78,6","78,1"
Бор,"64,5",,,"64,3",,,,,,"64,5",,"63,3","62,4","61,5","61,5","78,5","78,5","77,7",,"76,2","76,0","78,1","78,1","78,0","78,0","77,9","78,1","78,4","78,4","78,1","77,5"
Геленджик,"47,7",,,"49,5",,,,"52,0",,"53,4",,"54,1","54,4","50,0","50,0",,"50,7","51,3","51,9","52,6","53,1","55,0","55,0","58,1","61,4","65,1","69,3","72,0","74,9","76,8","77,2"
Усолье-Сибирское,"106,5","107,0","107,0","107,0","107,0","106,0","106,0","105,0","105,0","104,0","104,1","103,5","103,3","90,2","90,2",,"88,1","86,9","86,2","85,9","85,7","83,3","83,1","82,3","81,4","80,3","79,4","78,6","78,0","77,4","76,8"
Выборг,"80,9",,,"80,9",,,,"81,2",,,,"79,8","79,3","79,2","79,2",,"78,5","77,9",,"77,6","77,6","80,0","80,1","80,7","80,9","80,3","79,9","79,4","78,5","77,4","76,4"
Балашов,"97,0",,,"97,6",,,,"98,1",,"97,5",,"96,8","95,9","98,3","98,3",,"96,7","95,0","93,4","92,5","91,6","82,2","82,0","81,4","80,7","79,7","79,1","78,2","77,4","76,8","76,0"
Черногорск,"81,1",,,,,,,,,,,,,"76,4","76,4","73,0","72,7","72,4","72,5","72,9","78,1","72,1","72,1","72,3","72,6","73,2","73,8","74,3","74,7","75,1","75,0"
Дубна,"65,8",,,"67,4",,,,"67,6",,"67,8",,,"67,6","61,0","61,0",,"61,6","61,7","61,9",,"62,5","70,7","70,7","72,4","73,8","74,8","75,2","75,2","75,0","75,1","75,0"
Шадринск,"86,7",,,,,,,"88,1","88,5","88,1",,"87,3","86,9","80,9","80,9",,"80,3",,"78,1","76,6","75,3","77,8","77,7","77,0","77,4","77,2","77,0","76,4","75,6","75,3","74,9"
Всеволожск,"31,9",,,"32,9",,,,"37,9","39,1","39,8",,"40,6","41,1","45,3","45,3",,"45,5","45,9","45,9","46,3","48,0","59,7","59,7","60,4","62,1","64,4","66,2","67,9","70,3","72,9","74,3"
Минеральные Воды,"71,0","81,8","83,3","84,5","85,6","86,5","87,1","87,9","88,3","88,3","88,1","88,6","88,6","89,1","89,1","89,3","89,2","89,2","89,0","76,7","76,8","76,7","76,7","76,4","76,3","76,2","76,0","75,6","75,4","74,8","74,1"
Елабуга,"53,5",,,"61,6",,,,,,,,"67,5","67,2","68,7","68,7","69,1","69,7","70,0","70,0",,"70,0","70,7","70,9","71,2","72,0","72,0","72,9","73,3","73,8","74,0","73,9"
Новоалтайск,"53,6",,,"55,2",,,,"70,5","71,6","73,5","73,4","73,6","73,7","73,5","73,6","73,9","74,0","73,9","73,6","73,2","73,1","70,4","70,5","70,3","70,4","71,0","72,3","73,1","73,7","73,4","73,8"
Троицк,"90,1",,,"89,5",,,,"85,6",,"86,1",,"86,0","85,8","83,9","83,9",,"83,0","82,7","82,5","82,4","82,2","78,4","78,2","78,1","77,7","77,2","76,5","75,8","75,2","73,9","73,2"
Биробиджан,"83,7",,,"86,7",,,,,,,,"79,8","79,3","77,3","77,3",,"76,6","75,2","75,5",,"75,5","75,4","75,8","76,2","75,5","74,8","74,8","74,6","74,1","73,6","73,1"
Чапаевск,"98,0",,,"95,1",,,,"86,7",,"83,5",,"82,5","81,8","73,9","73,9",,"72,7","72,9","73,0","73,3",,"72,7","72,7","72,4","72,4","72,4","72,8","72,9","72,9","72,8","72,2"
Егорьевск,"73,9",,,"74,2",,,,"73,7",,"73,2",,"72,7","72,4","68,3","68,3",,"67,5","67,0","67,0","66,8","66,7","70,1","70,1","70,4","70,8","71,2","71,3","73,3","73,7","73,8","72,1"
Чехов,"59,2",,,"60,2",,,,"60,1",,"59,8",,"59,1","59,2","72,9","72,9",,"73,0","71,8","73,4","73,6","73,6","60,7","60,7","62,4","65,4","67,6","69,0","69,8","70,5","71,3","71,9"
Белово,"93,1",,,,,,,,,,,"80,2","78,3","82,4","82,4",,"79,3",,"77,9","75,8","74,8","76,8","76,8","75,5","75,0","74,3","74,0","73,4","72,8","72,5","71,8"
Видное,"55,8",,,"56,7",,,,"55,2",,"54,6",,"53,8","53,3","52,2","52,2",,"53,1","51,0","53,3","53,7","54,6","56,8","56,8","57,4","57,3","57,4","59,3","62,4","65,1","66,2","71,5"
Верхняя Пышма,"53,1",,,"54,1",,,,"54,6",,"54,7",,"54,7","54,5","58,0","58,0",,"57,7","57,7","57,9","58,1","58,4","59,7","59,7","60,7","62,6","64,1","65,8","67,7","69,1","70,2","71,2"
Кирово-Чепецк,"95,0",,"98,0","99,0","99,0","100,0",,"93,6",,"92,4",,"91,1","90,2","90,3","90,3",,"88,3","87,2","86,0","84,9","83,9","80,9","80,7","78,6","77,2","76,0","75,0","74,1","73,3","72,1","70,7"
Анжеро-Судженск,"108,0",,"107,0","106,4","106,0","106,0","101,0","100,0",,"97,5",,"95,0","93,9","86,5","86,5",,"84,6","83,9","83,2","83,0","82,8","76,6","76,6","75,6","75,0","74,4","73,7","72,8","71,8","70,5","69,3"
Дмитров,"65,2",,,"65,8",,,,"64,9",,"64,4",,"63,8","63,5","62,2","62,2",,"61,5","61,4","61,7","62,3","62,9","61,3","61,3","62,9","64,0","64,9","65,7","66,6","67,5","68,0","68,7"
Туймазы,"57,9",,,"60,8",,,,"63,7",,"63,7",,"63,4","63,2","66,7","66,7",,"66,3","65,9","65,6","65,7","65,8","66,8","66,8","66,9","67,1","67,6","68,0","68,3","68,4","68,3","68,6"
Сосновый Бор,"55,8",,,"57,6",,,,"60,2","60,8","61,5",,,,"66,1","66,1",,"66,5","66,7",,"66,5","66,7","65,8","65,7","67,0","67,0","67,1","67,4","67,6","68,0","68,0","68,3"
Минусинск,"72,9",,,"74,4",,,,"73,8",,"73,8",,"71,8","70,0","72,6","72,6",,"68,7","67,4","67,1","66,8","66,4","71,2","71,2","70,1","69,3","68,9","68,3","68,3","68,4","68,0","68,0"
Кстово,"64,2",,,"65,7",,,,"67,9",,"69,1",,"69,4","69,2","66,9","66,9",,"66,1","65,7","65,4","65,6","65,7","66,7","66,7","66,8","67,0","66,8","67,4","67,3","67,7","67,9","67,4"
Георгиевск,"62,9","62,8","63,8","65,1","66,1","67,3","68,6","69,4","69,7","70,1","70,6","70,6","70,3","70,6","70,5","70,2","69,5","69,4","69,4","69,2","68,9","72,2","72,1","71,6","70,6","71,0","70,8","69,9","69,0","67,7","67,1"
Славянск-на-Кубани,"57,8",,,"59,2",,,,"62,1",,"62,8",,"63,1","63,2","64,1","64,1",,"64,0","64,2","64,4","64,8","64,9","63,8","63,8","64,2","64,7","65,1","65,4","65,8","66,0","66,3","66,8"
Когалым,"44,3",,,"48,0",,,,"51,3",,"53,5",,"54,9","55,7","55,4","55,4",,"57,0","57,8","58,5","58,9","59,1","58,2","58,2","58,8","60,0","61,0","62,2","63,3","64,7","66,2","66,7"
Сунжа,"17,3",,,,,,,,,,,,,"65,1",,,,"67,7","68,3","69,1","70,1","61,6","61,7","62,7","63,2","63,4","64,0","64,5","65,0","65,5","66,0"
Ступино,"74,5",,,"74,4",,,,"68,2",,"67,0",,"65,6","64,9","63,1","63,1",,"67,9","70,3","67,0","66,5","66,1","66,8","66,8","66,7","66,5","66,4","66,5","66,4","66,3","66,1","66,0"
Белогорск,"73,4",,,"75,0",,,,,,,,"74,5","74,3","67,4","67,4",,"67,4","67,7",,"67,8","67,7","68,2","68,2","67,9","68,0","67,6","67,2","66,8","66,4","66,2","65,8"
Буйнакск,"56,8",,,"58,5",,,,"58,7",,"58,7",,"56,5","55,9","61,4","61,4",,"61,5","61,5","61,3","61,1","61,1","62,6","62,7","62,7","63,0","62,9","63,3","63,9","64,5","65,1","65,5"
Кунгур,"81,4",,,"80,5",,,,"76,6",,"76,1",,"75,5","75,0","68,9","68,9",,"68,0","67,9","67,9","68,1","68,1","66,1","66,1","66,3","66,5","66,8","66,6","66,3","66,2","65,7","65,3"
Заречный,,,,,,,,"63,9",,,,,,"63,0","63,0",,"62,4",,,"62,0","62,0","63,6",,"63,8","63,9","64,1","64,5","64,9","65,0","65,2","65,2"
Белорецк,"72,4",,,"73,8",,,,"73,4",,"72,9",,"73,3","73,3","71,1","71,1",,"70,3","69,7","69,1","68,8","68,3","68,8","68,8","68,4","67,7","66,9","66,6","66,2","65,8","65,5","65,1"
Ишим,"66,4",,,"65,8",,,,"67,4",,"63,2",,"61,9","61,4","67,8","67,8",,"65,5","64,8","64,3","64,0","64,0","65,2","65,2","64,9","64,9","65,0","65,3","65,5","65,3","65,1","64,7"
Ишимбай,"69,9",,,"71,3",,"72,0",,"71,3",,"70,8","70,1","70,7","69,7","70,2","70,2","69,7","69,3","68,9","68,4","68,1","68,0","66,3","66,2","66,1","66,3","66,2","66,2","65,8","65,4","65,1","64,3"
Павловский Посад,"71,3",,,,,,,"67,6",,"66,8",,"66,2","65,9","62,0","62,0",,"61,7",,,"61,4","61,6","63,7","63,7","64,4","65,0","65,6","65,8","65,6","65,4","64,9","63,9"
Горно-Алтайск,"46,4",,,"47,8",,,,"48,3",,,,"52,2","53,1","53,5","53,5",,"52,8","53,1","53,7","54,3","55,2","56,9","59,7","59,7","60,8","61,4","62,3","62,9","63,3","63,2","63,8"
Гуково,"67,3",,,"69,1",,,,"69,4",,,,"66,7","66,2","66,6","66,6",,"69,2","68,6","68,3","68,3","68,0","67,3","67,1","66,3","65,8","65,3","65,3","65,7","66,3","64,9","63,8"
Асбест,"84,5",,,"85,1",,,,"83,2",,"82,2",,"81,2","80,6","76,3","76,3",,"73,8","72,8","71,9","71,3","70,8","68,9","68,9","68,1","67,4","66,9","66,1","65,3","64,7","64,1","63,3"
Клинцы,"71,2",,,"71,4",,,,"70,1",,"69,3",,"68,0","67,1","67,3","67,3",,"66,1","65,7","65,1","64,6","64,2","62,5","62,5","61,6","61,5","61,9","61,5","61,9","62,8","62,9","63,1"
Донской,"36,2",,,"36,0",,,,"35,7",,"35,0",,,,"32,7","32,7",,"31,7","66,7","65,8",,"64,5","64,6","64,5","64,4","64,3","64,0","64,4","64,2","63,8","63,6","63,0"
Наро-Фоминск,"58,3",,,"59,1",,,,"58,6",,"58,3",,"57,7","57,4","70,5","70,5",,"71,0","59,1","71,0","71,4","71,6","64,7","64,7","63,9","63,0","62,3","62,3","62,1","62,0","62,1","63,0"
Россошь,"57,0",,,"59,3",,,,"63,4",,"63,9",,"64,3","64,4","62,9","62,9",,"62,4","62,1","62,0","62,1","61,8","62,9","62,9","62,8","62,5","62,5","62,7","62,7","62,9","62,8","62,7"
Ревда,"65,8",,,"66,1",,,,"65,4",,"65,3",,"65,4","65,4","62,7","62,7",,"62,0","61,9","61,8","61,7","61,7","61,9","61,9","61,8","61,8","62,0","62,2","62,4","62,6","62,7","62,3"
Вольск,"65,7",,,"65,2",,,,"64,6",,"67,0",,"70,3","69,2","71,1","71,1",,"70,5",,"68,9","68,6","68,2","66,5","66,4","65,8","65,2","64,6","64,3","64,3","63,9","63,2","62,2"
Будённовск,"55,4","56,5","57,6","58,9","59,8","60,5","61,7","63,2","63,9","64,3","64,7","65,0","65,3","65,7","65,6","65,7","65,6","65,4","65,5","65,2","65,2","64,6","64,7","64,7","64,2","63,6","63,3","63,0","62,7","62,5","62,1"
Лениногорск,"62,1",,"64,1","64,1",,,,"67,1",,"67,9","67,9","68,1","68,2","65,6","65,6","65,4","65,5","65,7","65,8","65,8","65,5","64,1","64,0","63,7","63,9","63,7","63,6","63,3","63,0","62,5","62,0"
Туапсе,"63,1",,,"64,4",,,,"65,7",,"65,8",,"65,4","65,3","64,2","64,2",,"63,5","63,5","63,5","63,7","63,3","63,3","63,3","63,1","63,0","63,2","63,4","63,1","62,8","62,3","61,9"
Зеленогорск,,,,"64,0",,,,"66,7",,,,"68,8","69,5","69,4","69,4",,"69,2","69,0","68,6","68,5","68,6","66,1","66,1","65,6","65,1","64,3","63,4","62,7","62,5","62,2","61,9"
Котлас,"68,0",,,"68,7",,,,"67,6",,"66,9",,"66,2","65,5","60,6","60,6",,"59,6","59,4","59,3","59,2","59,1","60,6","60,6","60,3","60,3","60,5","61,0","61,5","61,9","61,8","61,8"
Сибай,"47,3",,,"48,4",,,,"53,9",,"55,4",,"57,9","58,9","59,1","59,1",,"61,6","62,9","64,3","65,2","67,2","62,8","62,8","62,9","62,7","62,6","62,4","61,5","61,1","61,3","61,3"
Полевской,"70,6",,,"72,1",,,,,,"72,4",,"70,4","69,8","66,8","66,8",,"66,2","65,9","65,2","64,7","64,2","64,2","64,2","63,7","63,4","62,9","62,7","62,4","62,3","61,9","61,3"
Урус-Мартан,"32,9",,,"38,0",,,,"38,6",,,,,,"40,0","40,0",,"43,3","46,1","47,5","48,7","50,6","49,1","49,1","51,4","52,7","54,2","55,8","57,4","58,6","60,0","61,2"
Лысьва,"76,6",,,"78,2",,,,"76,5",,"75,5",,"75,2","74,7","71,1","71,1",,"70,3","69,6","69,2","68,6","68,1","65,9","65,9","65,1","64,4","64,0","63,6","63,1","62,6","61,8","60,9"
Борисоглебск,"72,3",,,"72,0",,,,"69,5",,"69,5",,"65,1","64,3","69,4","69,4",,"68,2",,"66,6","65,4","64,5","65,6","65,6","65,3","64,9","64,2","63,7","63,1","62,7","61,8","60,9"
Фрязино,"53,3",,,"54,0",,,,"53,4",,"53,3",,,"52,9","52,4","52,4","52,3","52,3","52,3","52,4",,"53,0","55,4","55,4","56,4","57,3","58,2","58,9","59,8","60,4","60,4","60,0"
Лабинск,"58,0",,,"59,2",,,,"64,3",,"63,1",,"63,1","62,7","61,4","61,4",,"61,2","61,1","61,2","61,1","61,3","62,9","62,8","62,9","62,1","61,2","61,0","60,7","60,9","60,2","59,8"
Чистополь,"65,5",,,"66,4",,,,"67,5",,"67,1",,"66,6","66,2","63,0","63,0","62,5","61,7","61,5","61,3","61,3",,"60,8","60,8","60,8","61,0","61,1","61,1","60,9","60,6","60,2","59,8"
Кумертау,"64,3",,,"66,3",,,,"70,3",,"70,5",,"70,2","69,6","65,0","65,0",,"63,9","63,3","62,7","62,4",,"62,9","62,9","62,4","62,3","61,9","61,8","61,3","60,8","60,2","59,8"
Избербаш,"28,1",,,"31,7",,,,"35,3",,"35,3",,"36,2","36,5","39,4","39,4",,"40,6","41,2","41,8","50,8","51,2","55,6","55,6","55,9","56,0","56,3","56,9","57,5","58,1","58,7","59,5"
Лесосибирск,"68,3",,,"69,9",,,,"69,7",,"69,3",,"68,5","68,2","65,4","65,4",,"64,9","64,6","64,4","64,2","64,2","61,1","61,1","60,9","60,6","60,3","59,9","59,8","59,6","59,5","59,4"
Белебей,"53,4",,,"55,6",,,,"58,0",,"59,0",,"60,6","60,9","60,9","60,9",,"61,2","61,1","61,0","61,1","60,8","60,7","60,2","59,9","59,7","59,5","59,4","59,2","59,1","59,2","59,1"
Берёзовский,"47,9",,,"48,4",,,,"47,8",,"47,8",,"48,0","48,0","46,7","46,7",,"47,0","47,2","47,7","48,3","49,0","51,7","51,7","53,3","54,4","55,2","56,1","56,6","57,2","57,9","58,8"
Александров,"68,2",,,"68,3",,,,"68,6",,"68,4",,"67,6","67,2","64,8","64,8",,"64,0","63,4",,"63,0","62,7","61,6","61,5","61,3","60,9","60,6","60,2","59,8","59,3","59,0","58,7"
Лыткарино,"51,0",,,"51,7",,,,"50,6",,"50,3",,,,"50,8","50,8",,"50,9","51,3","51,6",,"52,0","55,2","55,2","55,7","55,8","56,1","56,4","57,1","57,6","57,9","58,6"
Ржев,"69,8",,,"70,9",,,,"70,4",,"70,2",,"69,0","68,4","63,7","63,7",,"62,4",,"61,0","60,7","60,3","62,0","61,9","61,4","61,1","60,8","60,3","60,0","59,8","59,4","58,6"
Нягань,"54,1",,,"60,2",,,,"60,7",,"58,8",,"58,9","59,8","52,6","52,6",,"54,2","54,7","55,6","56,1","56,5","54,9","55,1","55,5","55,6","55,9","56,6","57,1","57,8","58,2","58,3"
Тихвин,"71,4",,,"72,0",,,,"68,8",,"68,4",,"67,7","67,2","63,3","63,3",,"62,3","61,2","61,2","60,8","60,3","58,5","58,5","58,5","58,5","58,3","58,3","58,0","57,9","58,1","58,1"
Алексин,"74,3",,,,,,,"71,8",,"71,0",,"69,8","69,1","68,2","68,2",,"67,0",,,"65,4","64,6","61,7","61,7","60,7","59,7","59,2","58,7","58,8","58,3","57,9","58,0"
Прохладный,"57,1",,,"58,7",,,,"59,5",,"59,8",,,"59,1","61,8","61,8",,"60,8","60,6","60,3",,"60,1","59,6","59,6","58,8","58,2","57,9","58,2","58,1","57,9","57,9","57,9"
Михайловка,"58,3",,,"58,7",,,,,,,,"58,4","58,2","60,0","60,0",,"59,5","59,3",,"58,9","58,7","59,1","59,1","58,9","58,7","58,3","58,4","58,4","58,4","58,2","57,8"
Крымск,"50,9",,,"52,0",,,,"56,8",,"57,3",,"57,7","57,7","56,6","56,6",,"56,2","56,2","56,5","56,7","57,0","57,4","57,4","58,1","57,7","57,1","56,9","57,2","57,3","57,2","57,8"
Тихорецк,"67,1",,,"68,1",,,,"70,3",,"68,1",,"67,3","66,9","65,0","65,0",,"63,9","63,6","63,2","62,9","62,6","61,8","61,8","61,2","60,5","60,0","59,6","59,3","59,0","58,4","57,8"
Щёкино,"69,3",,,"68,5",,,,"66,7",,"65,5",,"64,5","63,7","61,6","61,6",,"60,7","60,4","59,9","59,6",,"58,1","58,1","58,1","58,5","58,5","58,3","58,0","58,1","58,0","57,7"
Шуя,"69,3",,,,,,,"69,0",,"68,1",,"66,8","66,0","62,4","62,4",,"60,8",,,"58,9","58,5","58,5","58,5","58,4","58,6","58,6","58,8","58,7","58,7","58,1","57,6"
Мелеуз,"53,4",,,"56,7",,,,"61,4",,"62,3",,"62,8","62,9","62,9","62,9",,"62,6","62,3","62,0","61,8","61,6","61,4","61,4","60,5","60,5","60,0","59,4","59,1","58,5","58,0","57,2"
Сальск,"61,1",,,"62,2",,,,,,"64,7",,"63,8","63,4","61,8","61,8",,"61,3","61,0",,"60,9","60,8","61,3","61,3","60,8","60,2","59,7","59,1","58,7","58,2","57,6","57,1"
Павлово,"71,5",,,"72,2",,,,"71,7",,"71,3",,"70,4","69,8","64,8","64,8",,"63,2","62,5","61,7","61,1","60,5","60,7","60,5","60,0","59,5","59,0","58,6","58,4","58,2","57,6","57,0"
Нерюнгри,"72,5",,,"76,0",,,,"76,7",,"75,6",,"72,6","72,6","66,3","66,3",,"65,8","65,4","64,9","64,4","63,2","61,7","61,7","60,5","60,0","58,8","58,1","57,8","57,2","57,0","56,9"
Краснотурьинск,"67,3",,,"67,0",,,,"65,4",,"65,1",,"64,8","64,6","64,9","64,9",,"63,3","62,6","62,0","61,7","61,3","59,6","59,6","59,3","59,2","58,9","58,6","58,0","57,5","57,0","56,6"
Искитим,"67,8",,,"69,2",,,,"69,0",,"68,6",,"68,3","68,6","62,8","62,8",,"63,8","63,8","64,1","64,1","64,0","63,7","60,1","59,1","58,3","57,9","57,8","57,4","57,0","56,6","56,4"
Дзержинский,"36,1",,,"36,8",,,,"37,0",,"37,2",,"37,7","38,3","41,5","41,5",,"42,9","43,5","43,9","44,3","44,8","47,2","47,2","48,0","48,3","48,5","51,3","53,9","54,8","55,7","56,3"
Апатиты,"88,0",,,"87,5",,,,"73,0",,"70,8",,"69,5","69,0","64,4","64,4",,"63,3","62,9","62,6","62,2","61,6","59,7","59,7","59,2","58,7","57,9","57,4","56,7","56,4","55,7","55,2"
Сертолово,"17,7",,,,,,,,"28,3","29,2",,"30,7","31,0","38,4","38,4",,"40,1","41,3","41,3","42,3","43,1","47,5","47,5","48,4","49,2","50,4","50,9","51,1","51,3","52,5","54,5"
Воркута,"115,6",,"117,0","116,0","114,0","109,0",,"100,8",,"95,9",,"89,8","87,1","84,9","84,9",,"82,0","79,2","76,6","74,3","71,4","70,5","70,5","67,1","64,4","61,6","60,4","59,2","58,1","56,1","54,2"
Шали,"25,0",,,"26,8",,,,"24,0",,,,,,"40,4","40,4",,"42,1","43,5","44,3","44,2","45,2","47,7","47,7","49,0","50,0","50,4","51,3","52,2","53,0","53,8","54,2"
Гудермес,"38,1",,,"39,7",,,,"30,8",,,,,,"33,8",,,"36,4","39,0","40,1","41,2","42,6","45,6","45,6","47,7","49,0","50,0","51,2","52,4","51,8","52,9","54,0"
Лиски,"54,0",,,"54,7",,,,,,"56,5",,"55,7","55,5","55,9","55,9",,"54,2","53,6",,"54,8","54,9","55,9","55,9","55,1","55,1","55,1","54,8","54,4","54,2","53,9","53,6"
Гусь-Хрустальный,"76,4",,,,,,,"75,9",,"74,8",,"73,4","72,3","67,1","67,1",,"64,9",,,"61,9","61,0","60,8","60,8","59,7","58,6","57,6","56,7","56,0","55,4","54,5","53,6"
Свободный,"80,0",,"81,3",,,,,"73,8",,"73,2",,"71,0","70,0","63,9","63,9",,"62,4","61,6","60,8","60,0","59,3","58,8","58,8","57,7","57,1","56,2","55,2","54,5","54,2","53,7","53,4"
Волжск,"60,9",,,"62,5",,,,"62,1",,"61,3",,"61,5","60,9","59,0","59,0",,"58,0","57,6","57,4","56,9","56,5","55,7","55,6","54,9","54,9","54,9","54,7","54,6","54,5","54,2","53,4"
Краснокамск,"57,7",,,"57,5",,,,,,,,"56,2","56,0","53,7","53,7",,"52,8","52,7","52,5","52,6","52,6","51,9","51,9","52,4","53,2","53,7","53,9","54,0","53,9","53,6","53,2"
Выкса,"61,1",,,"62,7",,,,"63,4",,"63,4","63,2","62,8","62,2","61,7","61,7",,"59,6","58,6","57,9","57,2","56,5","56,2","56,1","55,5","54,8","54,2","53,6","53,5","53,4","53,2","52,8"
Североморск,"62,1",,,"67,1",,,,"58,7",,"56,9",,,,"55,1","55,1",,"54,2","54,1","53,7",,"53,5","50,1","49,9","50,0","49,9","49,0","49,7","51,0","51,2","52,3","52,6"
Жигулёвск,"44,8",,,"45,0",,,,"46,9",,"47,7",,"47,9","47,9","48,8","48,8",,"55,5","56,1","56,5","57,1",,"55,6","55,6","55,6","55,6","55,6","55,5","55,1","54,3","53,4","52,5"
Арсеньев,"70,0",,"71,0","71,5",,,,"69,9",,"68,6",,"66,1","64,4","62,9","62,6","61,6","60,6","59,7","58,7","58,0",,"56,8","56,8","55,8","55,0","54,1","53,5","53,1","52,8","52,5","52,3"
Белореченск,"51,2",,,"52,3",,,,"60,0",,"55,3",,"55,3","55,5","54,0","54,0",,"53,9","54,0","54,0","54,1","54,3","53,9","53,9","53,4","53,0","52,6","52,3","52,2","52,3","52,1","51,9"
Вязьма,"59,0",,,"59,9",,,,"60,5",,"60,0",,"59,2","58,6","57,5","57,5",,"56,5","56,0","55,5","55,1","54,9","54,6","57,1","56,3","55,6","54,8","54,3","53,7","53,1","52,5","51,8"
Краснокаменск,"66,9",,,"67,1",,,,"60,9",,"55,5",,"54,5","54,7","55,9","55,9",,"56,0","55,8","55,6","55,2",,"55,7","55,7","55,4","55,4","54,6","53,8","53,2","52,8","52,3","51,6"
Солнечногорск,"55,6",,,"57,0",,,,"58,0",,"58,1",,,"57,6","58,4","58,4",,"58,0","58,4","57,2",,"56,6","52,9","52,9","53,1","53,0","52,8","52,6","52,4","52,6","51,9","51,6"
Снежинск,,,,,,,,"47,9",,,,"48,6","48,6","50,5","50,5",,"50,5","50,4","50,2","50,1","50,1","48,8","48,8","48,9","49,1","49,5","49,7","50,3","50,8","51,0","51,5"
Тимашёвск,"45,6",,,"47,8",,,,"53,1",,"53,7",,"53,8","53,7","54,1","54,1",,"54,1","54,2","54,1","54,1","54,1","53,9","53,9","53,5","53,4","53,0","52,6","52,6","52,5","51,9","51,4"
Кириши,"53,0",,,"53,8",,,,"55,3",,"55,9",,"55,8","55,7","55,6","55,6",,"55,4","55,0","55,0","54,8","54,6","52,3","52,4","52,6","53,0","52,5","52,5","52,3","51,9","50,9","50,8"
Черемхово,"73,6",,,"73,5",,,,"71,9",,"70,5",,"69,1","67,8","60,1","60,1",,"57,0","55,6","54,8","54,3","53,9","52,6","52,6","52,0","51,6","51,3","51,4","51,3","51,2","50,8","50,6"
Узловая,"64,9",,,"63,6",,,,"62,2",,"61,0",,"59,8","59,0","59,8","59,8",,"58,1","57,4","56,9","56,4",,"55,3","55,3","54,5","53,9","53,3","52,8","52,4","51,9","51,4","50,5"
Салехард,"32,3",,,"30,6",,,,"29,6",,"30,5",,,,"36,8","36,8",,"38,3","39,4","40,3",,"42,5","42,5","42,7","44,3","46,7","47,9","48,3","48,5","48,5","49,2","50,1"